id,affiliate_link,created_at,image_url,price,product_description,product_description_thai,product_name,product_name_thai,updated_at,platform,category,subcategory,brand,store_link,highlighted,pre_list
5,https://s.shopee.co.th/50J3CM2uH4,2025-02-24 8:25:18,https://www.dropbox.com/scl/fi/kd939irjz2fvxidwwivsx/Yoyo-2-full-set-1.png?rlkey=662cgugn2kwwx4733n3p5futz&st=e99r8pzb&dl=0,18900,Compact foldable stroller with smooth suspension.,รถเข็นพับได้ กันสะเทือนดี,YOYO3,โยโย3,2025-02-24 8:25:18,Shopee,Travel,Stroller,BabyZen,,FALSE,Baby shower
6,https://www.lazada.co.th/products/exec-all-in-one-12-54-kg-2-isofix-true-tension-doors-nuna-i1421442153-s8015821696.html?trafficFrom=17449020_303586&laz_trackid=2:mm_313021167_255752547_2212552547:clkgg5or91iemh07c7ihtb&mkttid=clkgg5or91iemh07c7ihtb,2025-02-24 8:25:18,https://www.dropbox.com/scl/fi/wf3yw7qn3urj1opqntaa8/nuna.png?rlkey=j73svtzj8f4ysyyqbelf5bnpd&st=to3rcssu&dl=0,33600,"All-in-One car seat, fits infants to 12 yrs, belt/Isofix install.","คาร์ซีท all-in-one สำหรับเด็ก 0-12 ขวบ, เบลท์และ Isofix",Exec Car Seat,exec คาร์ซีท,2025-02-24 8:25:18,Lazada,Travel,Car seat,Nuna,,FALSE,Baby shower
7,https://www.central.co.th/th/graco-car-seat-4ever-deluxe-extend2fit-snuglog-midtown-cds12886951?tid=10232e2225e303317a26529b0e144d&utm_source=InvolveAsia+Technologies+Sdn+Bhd&utm_campaign=CDS+S2S&affiliate_id=1784&offer_id=255,2025-02-24 8:25:18,https://www.dropbox.com/scl/fi/jxq7zv5h6as05llxseavx/graco-delux-extended.png?rlkey=jqu0masoqbmvtktj3r2my0jd3&st=inn82o6z&dl=0,20395,"4-in-1 car seat with anti-rebound, adjustable modes, 10-year use.","คาร์ซีท 4-in-1 พร้อม Anti-Rebound, ปรับโหมดได้, ใช้งาน 10 ปี",4Ever Deluxe Car Seat,คาร์ซีท 4Ever Deluxe,2025-02-24 8:25:18,Central Group,Travel,Car seat,Graco,,FALSE,Baby shower
8,https://www.lazada.co.th/products/tutti-bambini-cozee-xl-new-born-set-3-bassinetbedside-cribcot-bed-i4132484920-s16203273140.html?trafficFrom=17449020_303586&laz_trackid=2:mm_313021167_255752547_2212552547:clkgisme01iemh6cu6jtb6&mkttid=clkgisme01iemh6cu6jtb6,2025-02-24 8:25:18,https://www.dropbox.com/scl/fi/t89ci7e739vvyfk3jkrz7/tutti-bambini-cozee-2.png?rlkey=nxma4mv18sybo4sy0jvkcetdu&st=hfbwngod&dl=0,24900,"3-in-1 adjustable baby bed set; bassinet, crib & cot convertible.","ที่นอนเด็ก 3-in-1 ปรับได้; เบสซิเนท, เตียงข้าง, เตียงเด็ก",Cozee XL,โคซี XL,2025-02-24 8:25:18,Lazada,Fourniture,Bed - Crib,Tutti Bambini,,FALSE,Baby shower
9,https://www.central.co.th/th/chicco-baby-cradle-next2me-forever-co-sleeping-ash-grey-cds11880592?tid=10214c6d2bf06188f12702845f2a81&utm_source=InvolveAsia+Technologies+Sdn+Bhd&utm_campaign=CDS+S2S&affiliate_id=1784&offer_id=255,2025-02-24 8:25:18,https://www.dropbox.com/scl/fi/hb3c0l5k8s2salno5v1yc/chicco-3-in-1-next-2-me.png?rlkey=sqdg7sfuelfrc0mvy2lmig1q5&st=0qug0rpf&dl=0,20997,3-in-1 baby bed convertible for infants to 4 yrs; safe & adjustable.,เตียงนอนเด็ก 3-in-1 ปรับเปลี่ยนได้ สำหรับทารกถึง 4 ขวบ,Next2me 3-in-1 Bed,เตียงนอน 3-in-1,2025-02-24 8:25:18,Central Group,Fourniture,Bed - Crib,Chicco,,FALSE,Baby shower
10,https://www.lazada.co.th/products/babybjorn-bouncer-bliss-lightweight-baby-swing-from-newborn-up-to-2-years-old-mesh-i217393991-s4523036560.html?trafficFrom=17449020_303586&laz_trackid=2:mm_313021167_255752547_2212552547:clkgl3uog1iemha39chgrj&mkttid=clkgl3uog1iemha39chgrj,2025-02-24 8:25:18,https://www.dropbox.com/scl/fi/d7m2bmsvf33gl389ky37d/baby-bjorn-bouncer-bliss.png?rlkey=4aftoygn1sfr9jukcvscr1e0r&st=vyxriec5&dl=0,12900,"Lightweight baby swing for newborn to 2 yrs, mesh design.","เปลโยกเบา สำหรับทารก 0-2 ขวบ, ดีไซน์เมช.",Bouncer Bliss,เบาน์เซอร์ บลิส,2025-02-24 8:25:18,Lazada,Fourniture,Bouncer,BabyBjörn,,FALSE,Baby shower
11,https://www.central.co.th/th/mamaspapasonline-playmat-welcome-to-the-world-under-the-sea-blue-cds13628567?tid=10207e550afd9e0d55859bd75ded60&utm_source=InvolveAsia+Technologies+Sdn+Bhd&utm_campaign=CDS+S2S&affiliate_id=1784&offer_id=255,2025-02-24 8:25:18,https://www.dropbox.com/scl/fi/yzz0cie7nxgvl5i72ox7r/mamas-papas-mat-1.png?rlkey=6lhmgl6055b8ubdzih9h15c7j&st=prrknw68&dl=0,5990,"Interactive toy for early development, boosts creativity & motor skills.",ของเล่นเสริมพัฒนาการเด็ก กระตุ้นความคิดสร้างสรรค์และทักษะการเคลื่อนไหว,Under the Sea,โลกใต้น้ำ,2025-02-24 8:25:18,Central Group,Fourniture,Mat - Play Mat,Mamas & Papas,,FALSE,Baby shower
12,https://www.central.co.th/th/mamaspapasonline-playmat-welcome-to-the-world-sit-play-bunny-interactive-seat-pink-blue-cds13769994?tid=10203fcdd9dd27ee64cf672731df2e&utm_source=InvolveAsia+Technologies+Sdn+Bhd&utm_campaign=CDS+S2S&affiliate_id=1784&offer_id=255,2025-02-24 8:25:18,https://www.dropbox.com/scl/fi/ezwalo7imyrnys18gudvg/mamas-papas-mat-2.png?rlkey=v2bs7iuy4kg2cx6rfw2qa9vu2&st=r6ptpjb3&dl=0,2290,Soft interactive baby cushion for sleep & play.,หมอนทารกนุ่ม ปลอดภัย สนับสนุนการนอนและเล่น.,Bunny Interactive Seat,ที่นั่ง Bunny,2025-02-24 8:25:18,Central Group,Fourniture,Mat - Play Mat,Mamas & Papas,,FALSE,Baby shower
13,https://www.lazada.co.th/products/philips-avent-9-2-i118403017-s20603158718.html?trafficFrom=17449020_21419788_303586&laz_trackid=2:mm_313021167_255752547_2212552547:clkgisme01iemhsokbm1d8&mkttid=clkgisme01iemhsokbm1d8,2025-02-24 8:25:18,https://www.dropbox.com/scl/fi/6e3dx0ffqbj6k4gevyfv7/philips-avent-1.png?rlkey=wcusybfki0tr5jqfyhm92k925&st=ktnyti7r&dl=0,660,"Philips Avent Natural Baby Bottles, 9oz, 2-pack.",ขวดนมเนเชอร์รัล 9 ออนซ์ 2 ชิ้น จาก Philips Avent.,Avent Bottles,ขวดนมเนเชอร์รัล,2025-02-24 8:25:18,Lazada,Meals,Baby bottle,Avent,,FALSE,Baby shower
14,https://www.central.co.th/th/philipsavent-natural-response-bottle-9-oz-2-pack-scy90302-cds99551872?tid=102929dcc2936bb499261f7fdbee42&utm_source=InvolveAsia+Technologies+Sdn+Bhd&utm_campaign=CDS+S2S&affiliate_id=1784&offer_id=255,2025-02-24 8:25:18,https://www.dropbox.com/scl/fi/hl49a1yhuilutpghvk20l/philips-avent-2.png?rlkey=rntf9yzwrvam2m6at1fvjru2r&st=vjtur6ir&dl=0,640,"Natural Response baby bottles, 9oz, 2-pack; silicone nipple reduces colic.",ขวดนมเนเชอร์รัล 9 ออนซ์ 2 ชิ้น พร้อมจุก ซิลิโคน ลดโคลิค.,Avent Natural Bottles,ขวดนมเนเชอร์รัล,2025-02-24 8:25:18,Central Group,Meals,Baby bottle,Philips,,FALSE,Baby shower
15,https://www.central.co.th/th/childhome-evolux-changing-table-natural-white-mkp1314507?tid=1026bb401215321223d594b92f1a79&utm_source=InvolveAsia+Technologies+Sdn+Bhd&utm_campaign=CDS+S2S&affiliate_id=1784&offer_id=255,2025-02-24 8:25:18,https://www.dropbox.com/scl/fi/8wazfbzcva24anf27j3hv/childhome-changing-table.png?rlkey=my5k7ibqnhmvlbpr5dx12d16y&st=tt5hzuyt&dl=0,13580,"A sleek and functional white changing table designed for hassle-free diaper changes, offering a spacious and organized area for baby care essentials.",โต๊ะเปลี่ยนผ้าอ้อมสีขาวที่มีดีไซน์เรียบง่ายและทันสมัย มอบพื้นที่กว้างขวางและการจัดเก็บที่เป็นระเบียบสำหรับอุปกรณ์ดูแลเด็ก,White Changing Table,โต๊ะเปลี่ยนผ้าอ้อม สีขาว,2025-02-24 8:25:18,Central Group,Fourniture,Changing table,Childhome,,FALSE,Baby shower
16,https://www.central.co.th/th/mamaspapasonline-mobile-musical-welcome-to-the-world-seedling-multi-color-cds13628482?tid=1020dd49260cb50309f87ec4e5e50f&utm_source=InvolveAsia+Technologies+Sdn+Bhd&utm_campaign=CDS+S2S&affiliate_id=1784&offer_id=255,2025-02-24 8:25:18,https://www.dropbox.com/scl/fi/ny3cipyxyt3g0p1rg1xiq/mamas-and-papas-welcome-to-the-world-seedling.png?rlkey=trpqgcs87p09z0nzcnt9kjp3j&st=klydbcts&dl=0,2690,Musical baby mobile promoting learning & development.,โมบายสำหรับทารก กระตุ้นพัฒนาการและการเรียนรู้,Seedling Mobile,โมบาย Seedling,2025-02-24 8:25:18,Central Group,Fourniture,Mobile,Mamas & Papas,,FALSE,Baby shower
17,https://www.lazada.co.th/products/let-s-make-baby-mobile-bell-set-3-i2793953584-s10172680092.html?trafficFrom=17449020_303586&laz_trackid=2:mm_313021167_255752547_2212552547:clkgk2dni1iemie56tm578&mkttid=clkgk2dni1iemie56tm578,2025-02-24 8:25:18,https://www.dropbox.com/scl/fi/vp4ffbxwm947x17d1leag/Lets-Make-Baby-Mobile-Bell-Set.png?rlkey=7pw5161g8zbhfeibdv4zqhexs&st=jminaznf&dl=0,733.51,"3-piece baby mobile with bells, wood arms & music box.",โมบายเด็ก 3 ชิ้น พร้อมเสียงระฆัง แขนไม้และกล่องดนตรี,Mobile Bell Set,โมบายระฆัง,2025-02-24 8:25:18,Lazada,Fourniture,Mobile,Let's Make,,FALSE,Baby shower
18,https://www.central.co.th/th/ergobaby-ergo-baby-omni-breeze-egbcz360pmidblu-midnight-blue-cds83265365?tid=102ab1f9bbe6890d86f10847070fec&utm_source=InvolveAsia+Technologies+Sdn+Bhd&utm_campaign=CDS+S2S&affiliate_id=1784&offer_id=255,2025-02-24 8:25:18,https://www.dropbox.com/scl/fi/g2q7r8rpzna1jor9zzqx5/Bouncer-ergobaby.png?rlkey=i7elzevkg0paqx61u1ixk4bq3&st=sr9i6vzr&dl=0,12900,"The Ergo Baby Omni Breeze carrier in Midnight Blue (Model EGBCZ360PMIDBLU) offers excellent ergonomic support and airflow for your baby, ensuring comfort and versatility for everyday use.",เป้อุ้ม Ergo Baby Omni Breeze สี Midnight Blue (รุ่น EGBCZ360PMIDBLU) มอบการรองรับสรีระที่ยอดเยี่ยมและการระบายอากาศที่ดีสำหรับลูกน้อย ด้วยการปรับระดับได้หลากหลาย ให้ความสะดวกสบายในทุกการใช้งาน.,Ergo Baby Omni Breeze Carrier - Midnight Blue,เป้อุ้ม ERGO BABY OMNI BREEZE รุ่น EGBCZ360PMIDBLU สีMIDNIGHT BLUE,2025-02-24 8:25:18,Central Group,Travel,Baby sling,Ergo Baby,,FALSE,Baby shower
19,https://www.central.co.th/th/angel-baby-baby-carrier-hipseat-c26-grcds20823090001?tid=102fd9a50c24c2f5cdc0fc10c41bdb&utm_source=InvolveAsia+Technologies+Sdn+Bhd&utm_campaign=CDS+S2S&affiliate_id=1784&offer_id=255#Y29uZmlndXJhYmxlLzE5NTYvMjgwOTQ%3D,2025-02-24 8:25:18,https://www.dropbox.com/scl/fi/fbix2jxi7xpe8ivsrwub4/angel-baby-hip-seat.png?rlkey=2gct2embl7ls16sffs17lqc3p&st=hfubq4fs&dl=0,2490,"Adjustable baby carrier with hipseat, supports 4-36 months, up to 15kg.","เป้อุ้มที่ปรับได้พร้อม hipseat, เหมาะสำหรับเด็ก 4-36 เดือน รับน้ำหนักสูงสุด 15กก.",Hipseat Carrier C26,เป้อุ้ม HIPSEAT C26,2025-02-24 8:25:18,Central Group,Travel,Baby sling,Angel Baby,,FALSE,Baby shower
20,https://www.central.co.th/th/ezviz-aqua-bear-ezviz-bm1-baby-care-camera-mkp1365439?tid=1023f873da25df4969f544a0af2f2b&utm_source=InvolveAsia+Technologies+Sdn+Bhd&utm_campaign=CDS+S2S&affiliate_id=1784&offer_id=255,2025-02-24 8:25:18,https://www.dropbox.com/scl/fi/oc5pdknerxjp0zrdw1f1g/ezviz-baby-monitor.png?rlkey=0t5ywc0xng6h2ucio9dkvs2zi&st=23xjj7vt&dl=0,3990,HD baby camera with 2-way talk & IR night vision.,"กล้องเด็ก บันทึก HD, สนทนา 2 ทาง, มองเห็นในค่ำคืน",EZVIZ Baby Camera,กล้องเบบี้แคร์ EZVIZ,2025-02-24 8:25:18,Central Group,Fourniture,Baby monitor,Ezviz,,FALSE,Baby shower
21,https://www.lazada.co.th/products/tutti-bambini-cozee-go-3-in-1-travel-cot-i4750831167-s22332660695.html?trafficFrom=17449020_303586&laz_trackid=2:mm_313021167_255752547_2212552547:clkgl3pjt1iemiq990nhm1&mkttid=clkgl3pjt1iemiq990nhm1,2025-02-24 8:25:18,https://www.dropbox.com/scl/fi/41uaop6ye1k1wkzl0491a/Tutti-Bambini-CoZee-Go-3-in-1-Travel-Cot.png?rlkey=ko2r65m6xkqw6pga1ow14xczc&st=p10yray6&dl=0,7990,"3-in-1 travel cot: bassinet, cot & playpen for 0-3 yrs.","เตียงเดินทาง 3-in-1: ใช้เป็นเปล, เตียง & เพลเพน สำหรับเด็ก 0-3 ปี.",CoZee Go,โคซี โก,2025-02-24 8:25:18,Central Group,Fourniture,Bed - Crib,Tutti Bambini,,FALSE,Baby shower
22,https://www.central.co.th/th/graco-close2baby-bassinet-playard-derby-cds96583883?tid=1021c9b0a9bd3eaac0eed1412b73d7&utm_source=InvolveAsia+Technologies+Sdn+Bhd&utm_campaign=CDS+S2S&affiliate_id=1784&offer_id=255,2025-02-24 8:25:18,https://www.dropbox.com/scl/fi/zqq8tq2p6bgq1i5hihp80/Graco-Close2Baby-Bassinet-Playard.png?rlkey=r1lhi1nqqx83cup6r1d7dmrh3&st=dnb47z9l&dl=0,9498,Bassinet playard for easy diaper changes & versatile use.,เปลเด็ก Close2Baby Playard สะดวกสำหรับเปลี่ยนผ้าอ้อมและใช้งานได้หลายรูปแบบ,Close2Baby Bassinet Playard,เปลเด็ก Close2Baby,2025-02-24 8:25:18,Lazada,Fourniture,Bed - Crib,Graco,,FALSE,Baby shower
23,https://www.lazada.co.th/products/nanny-classic-3-i2475089715-s8704873853.html?trafficFrom=17449020_303586&laz_trackid=2:mm_313021167_255752547_2212552547:clkgg5tbv1iemj0h79o7ku&mkttid=clkgg5tbv1iemj0h79o7ku,2025-02-24 8:25:18,https://www.dropbox.com/scl/fi/g38vbq5xssjvupzdxhr30/Nanny-Classic.png?rlkey=umamkuwet7rb51jbdui1t0cz7&st=5qjhmsqy&dl=0,155,"Nanny baby bath tub, available in Classic and Family models, 3 colors.",อ่างอาบน้ำเด็ก Nanny รุ่น Classic และ Family มี 3 สี สำหรับการอาบน้ำที่ปลอดภัย,Nanny Baby Bath Tub,อ่างอาบน้ำเด็ก Nanny,2025-02-24 8:25:18,Lazada,Hygiene,Bathtub,Nanny,,FALSE,Baby shower
24,https://www.lazada.co.th/products/papa-baby-st269-i5207724771-s22129351505.html?trafficFrom=17449020_303586&laz_trackid=2:mm_313021167_255752547_2212552547:clkgl3rs91iemj0kh7nb07&mkttid=clkgl3rs91iemj0kh7nb07,2025-02-24 8:25:18,https://www.dropbox.com/scl/fi/rrgb3j4nzjb6bfnnmr8uy/papa-baby-st269.png?rlkey=631ihnf93yg3uuyvhlbby2cx4&st=9kv0fg0n&dl=0,563.45,"Baby bath tub set with seat, model ST269, for safe bathing.",อ่างอาบน้ำเด็กพร้อมเบาะรอง รุ่น ST269 เพื่อการอาบน้ำที่ปลอดภัย.,PAPA BABY Bath Tub Set,อ่างอาบน้ำเด็ก PAPA BABY,2025-02-24 8:25:18,Lazada,Hygiene,Bathtub,Papa Baby,,FALSE,Baby shower
25,https://www.central.co.th/th/aquascale-baby-bathtub-white-cds85040762?tid=1029038ebbba0df537bc074dbd0097&utm_source=InvolveAsia+Technologies+Sdn+Bhd&utm_campaign=CDS+S2S&affiliate_id=1784&offer_id=255,2025-02-24 8:25:18,https://www.dropbox.com/scl/fi/f91j38eyzjdon0fupbrnq/aquascale.png?rlkey=ecfet7qntr0zjy962pzw0n89g&st=q4mpe911&dl=0,3400,"Digital baby bathtub with weight & temperature measurement, ergonomic design.","อ่างอาบน้ำเด็กดิจิตอล ชั่งน้ำหนักและวัดอุณหภูมิ, ออกแบบสรีรศาสตร์",AquaScale Gen3,อ่างน้ำดิจิตอล AquaScale,2025-02-24 8:25:18,Central Group,Hygiene,Bathtub,Aquascale,,FALSE,Baby shower
26,https://www.lazada.co.th/products/beaba-150ml-x-6-silicone-multiportions-i1600506545-s4360710634.html?trafficFrom=17449020_303586&laz_trackid=2:mm_313021167_255752547_2212552547:clkgg5o4f1iemj0ulvp7gl&mkttid=clkgg5o4f1iemj0ulvp7gl,2025-02-24 8:25:18,https://www.dropbox.com/scl/fi/ydm7vkuhqf6jxl31wa4z1/beaba-multiportions.png?rlkey=llyn040a2pf24bk79r9djkejh&st=f7617rp5&dl=0,990,"Silicone baby food tray, 150ml x 6, with lid.",ถาดอาหารเด็ก ซิลิโคน 150ml x 6 ช่อง พร้อมฝา,Multiportions Tray,ถาด Multiportions,2025-02-24 8:25:18,Lazada,Meals,Meal preparation,Beaba,,FALSE,Baby shower
27,https://www.central.co.th/th/beaba-milkeo-plus-automatic-bottle-maker-night-blue-mkp0759329?tid=102fa9c17f76749bbb32af87746b7d&utm_source=InvolveAsia+Technologies+Sdn+Bhd&utm_campaign=CDS+S2S&affiliate_id=1784&offer_id=255,2025-02-24 8:25:18,https://www.dropbox.com/scl/fi/4tpmbuxbaps1xx56thulw/beaba-milkeo.png?rlkey=agibxjduzmennnigsxii1t5ni&st=rkaxmfz7&dl=0,14900,Automatic milk maker that mixes water and powder in 10 seconds with adjustable temperature and portions.,เครื่องชงนมอัตโนมัติ ผสมได้ใน 10 วินาที ปรับอุณหภูมิและสัดส่วนนม.,Automatic Milk Maker,เครื่องชงนมอัตโนมัติ,2025-02-24 8:25:18,Central Group,Meals,Baby bottle,Beaba,,FALSE,Baby shower
28,https://www.central.co.th/th/beaba-babycook-solo-rose-gold-mkp0334529?tid=102da30be22744c5814a9fc9584455&utm_source=InvolveAsia+Technologies+Sdn+Bhd&utm_campaign=CDS+S2S&affiliate_id=1784&offer_id=255,2025-02-24 8:25:18,https://www.dropbox.com/scl/fi/zywu4r6d1c7ob839zkab5/Beaba-Babycook.png?rlkey=5zjhuy6mzp6fyne7wok6z662v&st=jvw041oe&dl=0,5890,"4-in-1 Baby Food Processor: steams, blends, warms, defrosts in 15 minutes.","เครื่องนึ่งปั่นอาหารเด็ก 4-in-1: นึ่ง, ปั่น, อุ่น, ละลายน้ำแข็งใน 15 นาที.",Babycook Solo,เบบี้คุก โซโล,2025-02-24 8:25:18,Central Group,Meals,Baby bottle,Beaba,,FALSE,Baby shower
29,https://www.central.co.th/th/childhome-evolu-2-high-chair-natural-mint-2-in-1-bumper-mkp1314461?tid=102ec70c58ed575db1b8e40a958dec&utm_source=InvolveAsia+Technologies+Sdn+Bhd&utm_campaign=CDS+S2S&affiliate_id=1784&offer_id=255,2025-02-24 8:25:18,https://www.dropbox.com/scl/fi/i118q26v2z15gmc5fxpsh/childhome-evolu-2.png?rlkey=mgmj7obgqu0lze8g95f0v42iy&st=drudzs3s&dl=0,6980,A modern and stylish dining chair in blue that provides comfort and elegance for contemporary dining areas.,เก้าอี้ทานอาหารดีไซน์โมเดิร์น สีฟ้าที่ให้ความสะดวกสบายและความหรูหรา เหมาะสำหรับห้องรับประทานอาหารสไตล์ร่วมสมัย.,EVOLU 2 Dining Chair - Blue,เก้าอี้ทานอาหาร EVOLU 2 สีฟ้า,2025-02-24 8:25:18,Central Group,Meals,High chair,Childhome,,FALSE,Baby shower
30,https://www.central.co.th/th/beaba-beaba-hanging-toiletry-pouch-with-9-accessories-airy-blue-mkp1305115?tid=1026279de5edc003f4b56bdad27571&utm_source=InvolveAsia+Technologies+Sdn+Bhd&utm_campaign=CDS+S2S&affiliate_id=1784&offer_id=255,2025-02-24 8:25:18,https://www.dropbox.com/scl/fi/a8wv4mp6ba3ryqoaysyrp/beaba-airy-blue.png?rlkey=krpta3ilyg9frt5yblow44jww&st=aehhs4n9&dl=0,2590,9-piece baby health care kit bag with organized compartments.,กระเป๋าอุปกรณ์ดูแลสุขภาพเด็ก 9 ชิ้น แบ่งช่องเก็บอย่างลงตัว.,Baby Health Kit Bag,กระเป๋าดูแลสุขภาพเด็ก,2025-02-24 8:25:18,Central Group,Travel,Care kit,Beaba,,FALSE,Baby shower
31,https://s.shopee.co.th/9zgRNxxMKS,2025-02-24 8:25:18,https://www.dropbox.com/scl/fi/qwj0wr5pncqszj4driv2z/Mysoue-product-baby.png?rlkey=fhvocsehap58famm1xtm6o73j&st=30cen98z&dl=0,1068,"Foldable diaper changing table with massage, bathing features, secure harness, adjustable height.",โต๊ะเปลี่ยนผ้าอ้อมพับได้ พร้อมฟังก์ชั่นนวดและอาบน้ำ มีเข็มขัดรัดกันตก ปรับระดับได้,Diaper Changing Table,โต๊ะเปลี่ยนผ้าอ้อม,2025-02-24 8:25:18,Shopee,Travel,Changing table,-,,FALSE,Baby shower
32,https://s.shopee.co.th/702ppDbus5,2025-02-24 8:25:18,https://www.dropbox.com/scl/fi/pbmye7ni7cjm32lkd27jf/Light-shopee.png?rlkey=9nwnjfecortw8nvymkkj73zda&st=buvchqbt&dl=0,344,"Portable white noise machine with 20 relaxing sounds, night light, auto-off timer, and memory function.","เครื่องส่งเสียงสีขาวพกพา พร้อม 20 เสียงผ่อนคลาย, ไฟกลางคืน, จับเวลาปิดอัตโนมัติ และจดจำการตั้งค่า.",White Noise Machine,เครื่องส่งเสียงสีขาว,2025-02-24 8:25:18,Shopee,Travel,Nightlight,-,,FALSE,Baby shower
33,https://s.shopee.co.th/4fev3ZQebu,2025-02-24 8:25:18,https://www.dropbox.com/scl/fi/eizoem7g0e9l89uq25l4z/Konig-mobile.png?rlkey=eckro0jxlou0lymymbrj22j8q&st=x7xf0yq3&dl=0,1290,Musical mobile for baby crib that enhances sensory development with soothing tunes and encourages reaching and kicking.,โมบายสำหรับเตียงเด็ก กล่อมให้นอนและเสริมพัฒนาการการได้ยิน การมอง และการเคลื่อนไหว.,Musical Baby Crib Mobile Toy,โมบายเด็กมีเสียง,2025-02-24 8:25:18,Shopee,Travel,Mobile,Konig,,FALSE,Baby shower
34,https://s.shopee.co.th/3Aq7Hy38uL,2025-02-24 8:25:18,https://www.dropbox.com/scl/fi/tabptikeeug5h70thach7/bbluv-monitor.png?rlkey=py5tall9e7qjb8fihtuy0lq7j&st=lmjgeudj&dl=0,4940,"HD baby camera and monitor with clear audio/video, night vision, 2-way talk, and temperature display.","กล้องเบบี้มอนิเตอร์ความละเอียดสูง พร้อมเสียง/ภาพชัด, มองเห็นในที่มืด, สื่อสาร 2 ทิศทาง และแสดงอุณหภูมิ.",bbluv HD Baby Camera,กล้องเบบี้มอนิเตอร์ bbluv,2025-02-24 8:25:18,Shopee,Travel,Baby monitor,bbluv,,FALSE,Baby shower
35,https://s.shopee.co.th/VpM7d85q9,2025-02-24 8:25:18,https://www.dropbox.com/scl/fi/595lvwxslrr242rszp1qk/Bjorn-travel-bed.png?rlkey=gal0kxa9nx28sd9hy6b87m66k&st=fuuu8u0h&dl=0,15800,"Lightweight, portable travel crib for babies up to 36 months with breathable mesh and secure mattress strap.",เตียงเด็กพับได้ น้ำหนักเบา สำหรับเด็ก 0-36 เดือน พร้อมผ้าตาข่ายระบายอากาศและสายรัดที่นอนแน่น.,Travel Crib Light,เตียงพกพา,2025-02-24 8:25:18,Shopee,Travel,Bed - Crib,Bjorn,,FALSE,Baby shower
36,https://s.shopee.co.th/BCVkTljWq,2025-02-24 8:25:18,https://www.dropbox.com/scl/fi/xf73tpupesqbwiulzoq0n/Beaba-spoon.png?rlkey=1yxrm8eq2qe8a0x8aw8v2c36x&st=ce08pegv&dl=0,329,"Ergonomic long-handled silicone spoon for 1st stage feeding, BPA-free, dishwasher safe.","ช้อนซิลิโคน 1st stage ด้ามยาว ออกแบบให้จับถนัดมือ, ปลอดสาร BPA, ล้างจานได้",1st Stage Silicone Spoon,ช้อนซิลิโคน 1st stage,2025-02-24 8:25:18,Shopee,Meals,Tableware,Beaba,,FALSE,Baby shower
37,https://s.shopee.co.th/5VE26QavOC,2025-02-24 8:25:18,https://www.dropbox.com/scl/fi/2adzvx24z7mp990s40fp1/Beaba-contain.png?rlkey=o0i4s7vrc5ufdq2k0ma1vfwp5&st=hj9twdkq&dl=0,531,"Portable 90ml container for milk powder/snacks; stackable, dishwasher safe, BPA-free.",กระปุกใส่นมผงและอาหารว่าง 90ml พกพาสะดวก วางซ้อนได้ ล้างจานได้ ปลอด BPA.,Beaba 90ml Food Jar,กระปุก 90ml Beaba,2025-02-24 8:25:18,Shopee,Meals,Dispenser,Beaba,,FALSE,Baby shower
38,https://s.shopee.co.th/3L9XXySvyh,2025-02-24 8:25:18,https://www.dropbox.com/scl/fi/omxz72x4yqh2bff4v9ce9/Dry-bottle.png?rlkey=jpy27nvb3a6ust5gomv10i20x&st=fug1gx4e&dl=0,1290,"Efficient drying rack for baby bottles with excellent airflow; circular design, holds 6 bottles, includes water tray, dishwasher safe, BPA-free.","ที่ตากขวดนมและอุปกรณ์ ระบายอากาศได้ดี, รูปทรงกลม, ก้านแขวนยาวรองรับ 6 ขวด, มาพร้อมถาดรองน้ำ, เข้าเครื่องล้างจาน, ปลอด BPA.",Beaba Drying Rack,ที่ตากขวดนม BEABA,2025-02-24 8:25:18,Shopee,Meals,Baby bottle accessories,Beaba,,FALSE,Baby shower
39,https://s.shopee.co.th/10lckIbQYm,2025-02-24 8:25:18,https://www.dropbox.com/scl/fi/7174mpjsbs1qlpga99t08/Chair.png?rlkey=gg8e5on5yntyt0jif139r0m8j&st=mpz7bphe&dl=0,6700,"Adjustable dining high chair made of real wood, with 14 height levels, removable tray, and adjustable footrest, suitable for kids to adults up to 90kg.",เก้าอี้กินข้าวไม้ปรับระดับได้สำหรับเด็กถึงผู้ใหญ่ มีระดับปรับ 14 ขั้น ถาดรองจานถอดได้ และที่วางเท้าปรับได้ รองรับน้ำหนัก 90กก.,Adjustable Dining High Chair,เก้าอี้กินข้าวเด็กปรับระดับ,2025-02-24 8:25:18,Shopee,Meals,High chair,Carpenter bee,,FALSE,Baby shower
40,https://s.shopee.co.th/4pzWkKv8RX,2025-02-24 8:25:18,https://www.dropbox.com/scl/fi/zz7p8nvzft4la2sybskab/Beaba-Changing-table.png?rlkey=mdxfhxbsd2dh6ewyf7ki6w0nz&st=6olf1l54&dl=0,2490,"Foldable changing table with foot support for secure diaper changes, featuring high guards, removable cushion, and storage drawers.",โต๊ะเปลี่ยนผ้าอ้อมพับได้พร้อมขาตั้ง รองรับน้ำหนักดี มีขอบกันตก เบาะนุ่มถอดล้างได้และลิ้นชักเก็บของ.,Camélé’O Changing Table,โต๊ะเปลี่ยนผ้าอ้อม Camélé’O,2025-02-24 8:25:18,Shopee,Fourniture,Changing table,Beaba,,FALSE,Baby shower
41,https://s.shopee.co.th/AUdulQnJKa,2025-02-24 8:25:18,https://www.dropbox.com/scl/fi/q8h0qnz6im77xq4j9lpes/Diaper-bin.png?rlkey=rdwhvxt4c461wco6t7js4b86e&st=272unrui&dl=0,281,"Lock odors effectively with this 7-layer thickened diaper bag, designed to trap unpleasant smells and keep your home fresh. Compatible with Genie, Angelcare, and Locker diaper buckets, each bag holds up to 4 diapers and lasts up to 2 months. Eco-friendly and easy to remove without exposure to used diapers.","กักเก็บกลิ่นไม่พึงประสงค์ได้อย่างมีประสิทธิภาพด้วยถุงผ้าอ้อมหนา 7 ชั้น ออกแบบให้ดักจับกลิ่นเพื่อให้บ้านของคุณมีกลิ่นหอมสดชื่น เข้ากันได้กับถังขยะผ้าอ้อม Genie, Angelcare และ Locker แต่ละใบสามารถใส่ผ้าอ้อมได้ถึง 4 ชิ้นและใช้งานได้ยาวนานถึง 2 เดือน เป็นมิตรกับสิ่งแวดล้อมและถอดออกได้ง่ายโดยไม่สัมผัสกับผ้าอ้อมที่ใช้แล้ว",4pcs compatible genie diaper bucket Bin bag thickened 7-layer bag to lock odor,4 ชิ้น ถุงรีฟิลสำหรับถังขยะผ้าอ้อม Genie หนา 7 ชั้น เพื่อกักเก็บกลิ่น,2025-02-24 8:25:18,Shopee,Hygiene,Diaper trash,-,,FALSE,Baby shower
42,https://s.shopee.co.th/10mwHFymvH,2025-02-24 8:25:18,https://www.dropbox.com/scl/fi/jcnnlbljytsvmzasv19c6/httpss.shopee.co.th40QR3RXdtH-copie.png?rlkey=2h01fkcyizu2e2v7mrssnabhs&st=uqny7gwz&dl=0,1090,"100% organic cotton multipurpose muslin cloth diapers with a double-layer design. They are soft, quick-drying, breathable, printed with non-toxic colors, machine washable, and suitable for use from birth. (70 x 70 cm, 83 g)","ผ้าอ้อมอเนกประสงค์จากคอตตอนมัสลินออร์แกนิค 100% ทอ 2 ชั้น ให้ความนุ่ม แห้งเร็ว ระบายอากาศได้ดี พิมพ์สี Non-Toxic ปลอดสารเคมี ใช้ได้หลากหลายทั้งเป็นผ้าห่ม, ผ้ากันน้ำลาย, ผ้ากันเปื้อน, ผ้ารองเปลี่ยนผ้าอ้อม, ผ้ารองเบาะรถเข็น หรือผ้าเช็ด ทำความสะอาด และสามารถซักในเครื่อง ใช้ได้ตั้งแต่แรกเกิด (ขนาด 70 x 70 ซม., น้ำหนัก 83 กรัม)","BEABA Multipurpose Cloth Diapers (Pack of 3) – Organic Cotton, Hedgehog Brown","BEABA ผ้าอ้อมอเนกประสงค์ (แพ็ค 3 ชิ้น) – คอตตอนออร์แกนิค, Hedgehog Brown",2025-02-24 8:25:18,Shopee,Linen,Lange,Beaba,,,
43,https://invol.co/clm59vw?url=https%3A%2F%2Fwww.central.co.th%2Fth%2Fmamaspapasonline-playmat-welcome-to-the-world-duckling-cream-cds17680295%2F,2025-02-24 8:25:18,https://www.dropbox.com/scl/fi/ricp7mq0af7l34ysaw9kg/papa-et-maman-mat.png?rlkey=6fqdgg5fw9sji3izfsf5a43up&st=l849zk3v&dl=0,5391,"Comfortable baby mattress with a duckling theme, faux fur base, and sensory interactive toys.",เบาะนอนเด็กเป็ดน้อย สบาย นุ่ม พร้อมของเล่นเสริมพัฒนาการและเบสผ้าขนสัตว์,Duckling Mattress,เบาะนอนเป็ดน้อย,2025-02-24 8:25:18,Central Group,Fourniture,Mat - Play Mat,Mamas & Papas,,FALSE,Baby shower
44,https://s.shopee.co.th/40QR3RXdtH,2025-02-24 8:25:18,https://www.dropbox.com/scl/fi/g2q7r8rpzna1jor9zzqx5/Bouncer-ergobaby.png?rlkey=i7elzevkg0paqx61u1ixk4bq3&st=f94og80u&dl=0,8910,"A versatile 3-in-1 bouncer designed to grow with your child, suitable from newborn to toddler (up to 13 kg). Features an ergonomic bassinet design with an infant insert, soft knit and breathable mesh fabrics, three height adjustment levels with a foot pedal and security lock, and folds flat for easy storage.","เปลนอนอัจฉริยะ 3-in-1 ที่ออกแบบให้ใช้งานได้ตั้งแต่แรกเกิดจนถึงวัยหัดเดิน (รับน้ำหนักสูงสุด 13 กิโลกรัม) มาพร้อมดีไซน์เออร์โกโนมิก เบาะรองสำหรับวัยแรกเกิด, ผ้าทอ Soft Knit และผ้าตาข่ายระบายอากาศ, ปรับระดับความสูงได้ 3 ขั้นด้วยแป้นเหยียบและ Security Lock และสามารถพับเก็บได้ง่าย.",Ergobaby 3-in-1 Evolve Bouncer - Light Grey,Ergobaby (เออร์โกเบบี้) เปลนอนอัจฉริยะ Evolve Bouncer - Light Grey สำหรับวัยแรกเกิด - 13 กิโลกรัม,2025-02-24 8:25:18,Shopee,Fourniture,Bouncer,Ergobaby,,FALSE,Baby shower
45,https://invol.co/clm59xv?url=https%3A%2F%2Fwww.central.co.th%2Fth%2Fchildhome-evolux-bouncer-natural-white-with-jersey-cover-hearts-mkp1318780%2F,2025-02-24 8:25:18,https://www.dropbox.com/scl/fi/mtthjamcdr49bm44o09aw/Maison-d-enfance.png?rlkey=jf6sknp5zpjr9jxw2j03jwupe&st=vwoga6i6&dl=0,6360,"Adjustable bouncer with removable cushion and 3-point harness, offering gentle rocking for infants up to 9kg.",เก้าอี้โยกสำหรับเด็กที่ปรับได้ พร้อมปลอกนุ่มถอดล้างได้และสายคาด 3 จุด รองรับเด็กรับน้ำหนักสูงสุด 9กก.,White Bouncer with Cushion,เก้าอี้โยกพร้อมปลอก สีขาว,2025-02-24 8:25:18,Central Group,Fourniture,Bouncer,Maison d'enfance,,FALSE,Baby shower
46,https://s.shopee.co.th/20fMgRxLo5,2025-02-24 8:25:18,https://www.dropbox.com/scl/fi/4gh18q1502u55buijtuwf/Beaba-bouncer.png?rlkey=z2n6xg257wz2gdhc5ge5bnvrf&st=ug82c05h&dl=0,6590,A versatile infant bouncer featuring a newborn seat with 12 adjustable settings (4 height levels and 3 recline positions) and convertible to a rocker. Includes a 5-point safety harness and supports up to 9 kg. Made with durable materials. Dimensions: 87 x 51 x 52 cm; Weight: 5 kg.,"เก้าอี้โยกเอนกประสงค์สำหรับเด็กแรกเกิด ที่ปรับได้ 12 แบบ (4 ระดับความสูง, 3 ระดับการเอียง) และสามารถเปลี่ยนเป็นเปลโยกได้ มาพร้อมสายรัดความปลอดภัย 5 จุด รองรับน้ำหนักได้ถึง 9 kg ผลิตจากวัสดุทนทาน ขนาด 87 x 51 x 52 ซม.; น้ำหนัก 5 kg.",BEABA Up & Down Bouncer III - YELLOW PALM TREE,BEABA เก้าอี้โยกเอนกประสงค์ Up & Down Bouncer III - YELLOW PALM TREE,2025-02-24 8:25:18,Shopee,Fourniture,Bouncer,Beaba,,FALSE,Baby shower
47,https://s.shopee.co.th/5VFErCkkNF,2025-02-24 8:25:18,https://www.dropbox.com/scl/fi/hklfqe9nqcnbe4pidkki7/Night-light.png?rlkey=fcahfihqe0l2k5o6liujbuzfw&st=se9gmq93&dl=0,37,"0.6W LED Night Light that illuminates when pressed. Features stepless dimming and magnetic mounting. Provides soft, non-glare light suitable for various settings such as bedrooms, living rooms, and study areas. Ideal for wall, wardrobe, stairs, or entrance installation. USB rechargeable.",ไฟกลางคืน 0.6 w เมื่อกดแล้วสว่าง มีฟังก์ชั่นลดแสงแบบ Stepless และติดตั้งด้วยแม่เหล็ก ดูดซับง่าย ให้แสงนุ่มนวลไม่ทำร้ายตา เหมาะสำหรับติดผนัง ตู้เสื้อผ้า บันได หรือทางเข้าบ้าน ใช้งานได้ในหลากหลายสถานที่ เช่น ห้องนอน ห้องนั่งเล่น และห้องเรียน พร้อมชาร์จผ่าน USB.,0.6W LED Bedside Lamp - Magnetic Wall Mount & USB Charging LED Button Night Light,โคมไฟหัวเตียง 0.6 w LED โคมไฟ ยึดผนังด้วยแม่เหล็ก ชาร์จ LED Button Night Light,2025-02-24 8:25:18,Shopee,Fourniture,Nightlight,-,,FALSE,Baby shower
,,,,,,,,,,,,,,,,
,,,,,,,,,,,,,,,FALSE,Baby shower